,backup_kusto_test,loss,max_log_rate,max_outstanding_io,response_time_90th_percentile,run_id,transactions_per_minute,volume_io_request_size_bytes,redo_queue,failover
backup_kusto_test,1,-0.362851846,0.011524957,0.101183329,-0.069316677,0.292181006,0.193573835,0.201682284,0.119134837,0.2080327
loss,-0.362851846,1,0.045185568,-0.128518195,0.122000946,-0.144634351,-0.20998054,0.194710324,-0.142366334,-0.767707923
max_log_rate,0.011524957,0.045185568,1,0.012455575,-0.26385706,0.073214289,0.199323547,-0.025233333,-0.163798961,-0.064797345
max_outstanding_io,0.101183329,-0.128518195,0.012455575,1,-0.137088162,-0.116611442,0.174326032,-0.004763021,0.109919954,0.236165963
response_time_90th_percentile,-0.069316677,0.122000946,-0.26385706,-0.137088162,1,0.034040725,-0.938787714,-0.081512146,-0.212465958,-0.208844514
run_id,0.292181006,-0.144634351,0.073214289,-0.116611442,0.034040725,1,-0.014153354,-0.095426136,-0.145512504,0.212276109
transactions_per_minute,0.193573835,-0.20998054,0.199323547,0.174326032,-0.938787714,-0.014153354,1,0.149959103,0.217070702,0.227715344
volume_io_request_size_bytes,0.201682284,0.194710324,-0.025233333,-0.004763021,-0.081512146,-0.095426136,0.149959103,1,0.003997219,-0.264241067
redo_queue,0.119134837,-0.142366334,-0.163798961,0.109919954,-0.212465958,-0.145512504,0.217070702,0.003997219,1,-0.000408835
failover,0.2080327,-0.767707923,-0.064797345,0.236165963,-0.208844514,0.212276109,0.227715344,-0.264241067,-0.000408835,1
